Index,Pokemon,HP,Atk,Def,SpAtk,SpDef,Speed,Total,Type I,Type II,Ability I,Ability II,Hidden Ability,Color
1,Bulbasaur,45,49,49,65,65,45,318,Grass,Poison,Overgrow,,Chlorophyll,Green
2,Ivysaur,60,62,63,80,80,60,405,Grass,Poison,Overgrow,,Chlorophyll,Green
3,Venusaur,80,82,83,100,100,80,525,Grass,Poison,Overgrow,,Chlorophyll,Green
4,Charmander,39,52,43,60,50,65,309,Fire,,Blaze,,Solar Power,Red
5,Charmeleon,58,64,58,80,65,80,405,Fire,,Blaze,,Solar Power,Red
6,Charizard,78,84,78,109,85,100,534,Fire,Flying,Blaze,,Solar Power,Red
7,Squirtle,44,48,65,60,54,43,314,Water,,Torrent,,Rain Dish,Blue
8,Wartortle,59,63,80,65,80,58,405,Water,,Torrent,,Rain Dish,Blue
9,Blastoise,79,83,100,85,105,78,530,Water,,Torrent,,Rain Dish,Blue
10,Caterpie,45,30,35,20,20,45,195,Bug,,Shield Dust,,Run Away,Green
11,Metapod,50,20,55,25,25,30,205,Bug,,Shed Skin,,,Green
12,Butterfree,60,45,50,80,80,70,385,Bug,Flying,Compoundeyes,,Tinted Lens,White
13,Weedle,40,35,30,20,20,50,195,Bug,Poison,Shield Dust,,Run Away,Brown
14,Kakuna,45,25,50,25,25,35,205,Bug,Poison,Shed Skin,,,Yellow
15,Beedrill,65,80,40,40,80,75,380,Bug,Poison,Swarm,,Sniper,Yellow
16,Pidgey,40,45,40,35,35,56,251,Normal,Flying,Keen Eye,Tangled Feet,Big Pecks,Brown
17,Pidgeotto,63,60,55,50,50,71,349,Normal,Flying,Keen Eye,Tangled Feet,Big Pecks,Brown
18,Pidgeot,83,80,75,70,70,91,469,Normal,Flying,Keen Eye,Tangled Feet,Big Pecks,Brown
19,Rattata,30,56,35,25,35,72,253,Normal,,Run Away,Guts,Hustle,Purple
20,Raticate,55,81,60,50,70,97,413,Normal,,Run Away,Guts,Hustle,Brown
21,Spearow,40,60,30,31,31,70,262,Normal,Flying,Keen Eye,,Sniper,Brown
22,Fearow,65,90,65,61,61,100,442,Normal,Flying,Keen Eye,,Sniper,Brown
23,Ekans,30,60,44,40,54,55,283,Poison,,Intimidate,Shed Skin,Unnerve,Purple
24,Arbok,60,85,69,65,79,80,438,Poison,,Intimidate,Shed Skin,Unnerve,Purple
26,Pikachu,35,55,30,50,40,90,300,Electric,,Static,,Lightningrod,Yellow
27,Raichu,60,90,55,90,80,100,475,Electric,,Static,,Lightningrod,Yellow
28,Sandshrew,50,75,85,20,30,40,300,Ground,,Sand Veil,,Sand Rush,Yellow
29,Sandslash,75,100,110,45,55,65,450,Ground,,Sand Veil,,Sand Rush,Yellow
30,Nidoran♀,55,47,52,40,40,41,275,Poison,,Poison Point,Rivalry,Hustle,Blue
31,Nidorina,70,62,67,55,55,56,365,Poison,,Poison Point,Rivalry,Hustle,Blue
32,Nidoqueen,90,82,87,75,85,76,495,Poison,Ground,Poison Point,Rivalry,Sheer Force,Blue
33,Nidoran♂,46,57,40,40,40,50,273,Poison,,Poison Point,Rivalry,Hustle,Purple
34,Nidorino,61,72,57,55,55,65,365,Poison,,Poison Point,Rivalry,Hustle,Purple
35,Nidoking,81,92,77,85,75,85,495,Poison,Ground,Poison Point,Rivalry,Sheer Force,Purple
37,Clefairy,70,45,48,60,65,35,323,Fairy,,Cute Charm,Magic Guard,Friend Guard,Pink
38,Clefable,95,70,73,85,90,60,473,Fairy,,Cute Charm,Magic Guard,Unaware,Pink
39,Vulpix,38,41,40,50,65,65,299,Fire,,Flash Fire,,Drought,Brown
40,Ninetales,73,76,75,81,100,100,505,Fire,,Flash Fire,,Drought,Yellow
42,Jigglypuff,115,45,20,45,25,20,270,Normal,Fairy,Cute Charm,,Friend Guard,Pink
43,Wigglytuff,140,70,45,75,50,45,425,Normal,Fairy,Cute Charm,,Frisk,Pink
44,Zubat,40,45,35,30,40,55,245,Poison,Flying,Inner Focus,,Infiltrator,Purple
45,Golbat,75,80,70,65,75,90,455,Poison,Flying,Inner Focus,,Infiltrator,Purple
47,Oddish,45,50,55,75,65,30,320,Grass,Poison,Chlorophyll,,Run Away,Blue
48,Gloom,60,65,70,85,75,40,395,Grass,Poison,Chlorophyll,,Stench,Blue
49,Vileplume,75,80,85,100,90,50,480,Grass,Poison,Chlorophyll,,Effect Spore,Red
51,Paras,35,70,55,45,55,25,285,Bug,Grass,Effect Spore,Dry Skin,Damp,Red
52,Parasect,60,95,80,60,80,30,405,Bug,Grass,Effect Spore,Dry Skin,Damp,Red
53,Venonat,60,55,50,40,55,45,305,Bug,Poison,Compoundeyes,Tinted Lens,Run Away,Purple
54,Venomoth,70,65,60,90,75,90,450,Bug,Poison,Shield Dust,Tinted Lens,Wonder Skin,Purple
55,Diglett,10,55,25,35,45,95,265,Ground,,Sand Veil,Arena Trap,Sand Force,Brown
56,Dugtrio,35,80,50,50,70,120,405,Ground,,Sand Veil,Arena Trap,Sand Force,Brown
57,Meowth,40,45,35,40,40,90,290,Normal,,Pickup,Technician,Unnerve,Yellow
58,Persian,65,70,60,65,65,115,440,Normal,,Limber,Technician,Unnerve,Yellow
59,Psyduck,50,52,48,65,50,55,320,Water,,Damp,Cloud Nine,Swift Swim,Yellow
60,Golduck,80,82,78,95,80,85,500,Water,,Damp,Cloud Nine,Swift Swim,Blue
61,Mankey,40,80,35,35,45,70,305,Fighting,,Vital Spirit,Anger Point,Defiant,Brown
62,Primeape,65,105,60,60,70,95,455,Fighting,,Vital Spirit,Anger Point,Defiant,Brown
63,Growlithe,55,70,45,70,50,60,350,Fire,,Intimidate,Flash Fire,Justified,Brown
64,Arcanine,90,110,80,100,80,95,555,Fire,,Intimidate,Flash Fire,Justified,Brown
65,Poliwag,40,50,40,40,40,90,300,Water,,Water Absorb,Damp,Swift Swim,Blue
66,Poliwhirl,65,65,65,50,50,90,385,Water,,Water Absorb,Damp,Swift Swim,Blue
67,Poliwrath,90,85,95,70,90,70,500,Water,Fighting,Water Absorb,Damp,Swift Swim,Blue
69,Abra,25,20,15,105,55,90,310,Psychic,,Synchronize,Inner Focus,Magic Guard,Brown
70,Kadabra,40,35,30,120,70,105,400,Psychic,,Synchronize,Inner Focus,Magic Guard,Brown
71,Alakazam,55,50,45,135,85,120,490,Psychic,,Synchronize,Inner Focus,Magic Guard,Brown
72,Machop,70,80,50,35,35,35,305,Fighting,,Guts,No Guard,Steadfast,Gray
73,Machoke,80,100,70,50,60,45,405,Fighting,,Guts,No Guard,Steadfast,Gray
74,Machamp,90,130,80,65,85,55,505,Fighting,,Guts,No Guard,Steadfast,Gray
75,Bellsprout,50,75,35,70,30,40,300,Grass,Poison,Chlorophyll,,Gluttony,Green
76,Weepinbell,65,90,50,85,45,55,390,Grass,Poison,Chlorophyll,,Gluttony,Green
77,Victreebel,80,105,65,100,60,70,480,Grass,Poison,Chlorophyll,,Gluttony,Green
78,Tentacool,40,40,35,50,100,70,335,Water,Poison,Clear Body,Liquid Ooze,Rain Dish,Blue
79,Tentacruel,80,70,65,80,120,100,515,Water,Poison,Clear Body,Liquid Ooze,Rain Dish,Blue
80,Geodude,40,80,100,30,30,20,300,Rock,Ground,Rock Head,Sturdy,Sand Veil,Brown
81,Graveler,55,95,115,45,45,35,390,Rock,Ground,Rock Head,Sturdy,Sand Veil,Brown
82,Golem,80,110,130,55,65,45,485,Rock,Ground,Rock Head,Sturdy,Sand Veil,Brown
83,Ponyta,50,85,55,65,65,90,410,Fire,,Run Away,Flash Fire,Flame Body,Yellow
84,Rapidash,65,100,70,80,80,105,500,Fire,,Run Away,Flash Fire,Flame Body,Yellow
85,Slowpoke,90,65,65,40,40,15,315,Water,Psychic,Oblivious,Own Tempo,Regenerator,Pink
86,Slowbro,95,75,110,100,80,30,490,Water,Psychic,Oblivious,Own Tempo,Regenerator,Pink
88,Magnemite,25,35,70,95,55,45,325,Electric,Steel,Magnet Pull,Sturdy,Analytic,Gray
89,Magneton,50,60,95,120,70,70,465,Electric,Steel,Magnet Pull,Sturdy,Analytic,Gray
91,Farfetch'd,52,65,55,58,62,60,352,Normal,Flying,Keen Eye,Inner Focus,Defiant,Brown
92,Doduo,35,85,45,35,35,75,310,Normal,Flying,Run Away,Early Bird,Tangled Feet,Brown
93,Dodrio,60,110,70,60,60,100,460,Normal,Flying,Run Away,Early Bird,Tangled Feet,Brown
94,Seel,65,45,55,45,70,45,325,Water,,Thick Fat,Hydration,Ice Body,White
95,Dewgong,90,70,80,70,95,70,475,Water,Ice,Thick Fat,Hydration,Ice Body,White
96,Grimer,80,80,50,40,50,25,325,Poison,,Stench,Sticky Hold,Poison Touch,Purple
97,Muk,105,105,75,65,100,50,500,Poison,,Stench,Sticky Hold,Poison Touch,Purple
98,Shellder,30,65,100,45,25,40,305,Water,,Shell Armor,Skill Link,Overcoat,Purple
99,Cloyster,50,90,180,85,45,70,520,Water,Ice,Shell Armor,Skill Link,Overcoat,Purple
100,Gastly,30,35,30,100,35,80,310,Ghost,Poison,Levitate,,,Purple
101,Haunter,45,50,45,115,55,95,405,Ghost,Poison,Levitate,,,Purple
102,Gengar,60,65,60,130,75,110,500,Ghost,Poison,Levitate,,,Purple
103,Onix,35,45,160,30,45,70,385,Rock,Ground,Rock Head,Sturdy,Weak Armor,Gray
105,Drowzee,60,48,45,43,90,42,328,Psychic,,Insomnia,Forewarn,Inner Focus,Yellow
106,Hypno,85,73,70,73,115,67,483,Psychic,,Insomnia,Forewarn,Inner Focus,Yellow
107,Krabby,30,105,90,25,25,50,325,Water,,Hyper Cutter,Shell Armor,Sheer Force,Red
108,Kingler,55,130,115,50,50,75,475,Water,,Hyper Cutter,Shell Armor,Sheer Force,Red
109,Voltorb,40,30,50,55,55,100,330,Electric,,Soundproof,Static,Aftermath,Red
110,Electrode,60,50,70,80,80,140,480,Electric,,Soundproof,Static,Aftermath,Red
111,Exeggcute,60,40,80,60,45,40,325,Grass,Psychic,Chlorophyll,,Harvest,Pink
112,Exeggutor,95,95,85,125,65,55,520,Grass,Psychic,Chlorophyll,,Harvest,Yellow
113,Cubone,50,50,95,40,50,35,320,Ground,,Rock Head,Lightningrod,Battle Armor,Brown
114,Marowak,60,80,110,50,80,45,425,Ground,,Rock Head,Lightningrod,Battle Armor,Brown
116,Hitmonlee,50,120,53,35,110,87,455,Fighting,,Limber,Reckless,Unburden,Brown
117,Hitmonchan,50,105,79,35,110,76,455,Fighting,,Keen Eye,Iron Fist,Inner Focus,Brown
119,Lickitung,90,55,75,60,75,30,385,Normal,,Own Tempo,Oblivious,Cloud Nine,Pink
121,Koffing,40,65,95,60,45,35,340,Poison,,Levitate,,,Purple
122,Weezing,65,90,120,85,70,60,490,Poison,,Levitate,,,Purple
123,Rhyhorn,80,85,95,30,30,25,345,Ground,Rock,Lightningrod,Rock Head,Reckless,Gray
124,Rhydon,105,130,120,45,45,40,485,Ground,Rock,Lightningrod,Rock Head,Reckless,Gray
127,Chansey,250,5,5,35,105,50,450,Normal,,Natural Cure,Serene Grace,Healer,Pink
129,Tangela,65,55,115,100,40,60,435,Grass,,Chlorophyll,Leaf Guard,Regenerator,Blue
131,Kangaskhan,105,95,80,40,80,90,490,Normal,,Early Bird,Scrappy,Inner Focus,Brown
132,Horsea,30,40,70,70,25,60,295,Water,,Swift Swim,Sniper,Damp,Blue
133,Seadra,55,65,95,95,45,85,440,Water,,Poison Point,Sniper,Damp,Blue
135,Goldeen,45,67,60,35,50,63,320,Water,,Swift Swim,Water Veil,Lightningrod,Red
136,Seaking,80,92,65,65,80,68,450,Water,,Swift Swim,Water Veil,Lightningrod,Red
137,Staryu,30,45,55,70,55,85,340,Water,,Illuminate,Natural Cure,Analytic,Brown
138,Starmie,60,75,85,100,85,115,520,Water,Psychic,Illuminate,Natural Cure,Analytic,Purple
140,Mr. Mime,40,45,65,100,120,90,460,Psychic,Fairy,Soundproof,Filter,Technician,Pink
141,Scyther,70,110,80,55,80,105,500,Bug,Flying,Swarm,Technician,Steadfast,Green
144,Jynx,65,50,35,115,95,95,455,Ice,Psychic,Oblivious,Forewarn,Dry Skin,Red
146,Electabuzz,65,83,57,95,85,105,490,Electric,,Static,,Vital Spirit,Yellow
149,Magmar,65,95,57,100,85,93,495,Fire,,Flame Body,,Vital Spirit,Red
151,Pinsir,65,125,100,55,70,85,500,Bug,,Hyper Cutter,Mold Breaker,Moxie,Brown
152,Tauros,75,100,95,40,70,110,490,Normal,,Intimidate,Anger Point,Sheer Force,Brown
153,Magikarp,20,10,55,15,20,80,200,Water,,Swift Swim,,Rattled,Red
154,Gyarados,95,125,79,60,100,81,540,Water,Flying,Intimidate,,Moxie,Blue
155,Lapras,130,85,80,85,95,60,535,Water,Ice,Water Absorb,Shell Armor,Hydration,Blue
156,Ditto,48,48,48,48,48,48,288,Normal,,Limber,,Imposter,Purple
157,Eevee,55,55,50,45,65,55,325,Normal,,Run Away,Adaptability,Anticipation,Brown
158,Vaporeon,130,65,60,110,95,65,525,Water,,Water Absorb,,Hydration,Blue
159,Jolteon,65,65,60,110,95,130,525,Electric,,Volt Absorb,,Quick Feet,Yellow
160,Flareon,65,130,60,95,110,65,525,Fire,,Flash Fire,,Guts,Red
165,Porygon,65,60,70,85,75,40,395,Normal,,Trace,Download,Analytic,Pink
168,Omanyte,35,40,100,90,55,35,355,Rock,Water,Swift Swim,Shell Armor,Weak Armor,Blue
169,Omastar,70,60,125,115,70,55,495,Rock,Water,Swift Swim,Shell Armor,Weak Armor,Blue
170,Kabuto,30,80,90,55,45,55,355,Rock,Water,Swift Swim,Battle Armor,Weak Armor,Brown
171,Kabutops,60,115,105,65,70,80,495,Rock,Water,Swift Swim,Battle Armor,Weak Armor,Brown
172,Aerodactyl,80,105,65,60,75,130,515,Rock,Flying,Rock Head,Pressure,Unnerve,Purple
174,Snorlax,160,110,65,65,110,30,540,Normal,,Immunity,Thick Fat,Gluttony,Black
175,Articuno,90,85,100,95,125,85,580,Ice,Flying,Pressure,,Snow Cloak,Blue
176,Zapdos,90,90,85,125,90,100,580,Electric,Flying,Pressure,,Lightningrod,Yellow
177,Moltres,90,100,90,125,85,90,580,Fire,Flying,Pressure,,Flame Body,Yellow
178,Dratini,41,64,45,50,50,50,300,Dragon,,Shed Skin,,Marvel Scale,Blue
179,Dragonair,61,84,65,70,70,70,420,Dragon,,Shed Skin,,Marvel Scale,Blue
180,Dragonite,91,134,95,100,100,80,600,Dragon,Flying,Inner Focus,,Multiscale,Brown
181,Mewtwo,106,110,90,154,90,130,680,Psychic,,Pressure,,Unnerve,Purple
182,Mew,100,100,100,100,100,100,600,Psychic,,Synchronize,,,Pink
183,Chikorita,45,49,65,49,65,45,318,Grass,,Overgrow,,Leaf Guard,Green
184,Bayleef,60,62,80,63,80,69,414,Grass,,Overgrow,,Leaf Guard,Green
185,Meganium,80,82,100,83,100,80,525,Grass,,Overgrow,,Leaf Guard,Green
186,Cyndaquil,39,52,43,60,50,65,309,Fire,,Blaze,,Flash Fire,Yellow
187,Quilava,58,64,58,80,65,80,405,Fire,,Blaze,,Flash Fire,Yellow
188,Typhlosion,78,84,78,109,85,100,534,Fire,,Blaze,,Flash Fire,Yellow
189,Totodile,50,65,64,44,48,43,314,Water,,Torrent,,Sheer Force,Blue
190,Croconaw,65,80,80,59,63,58,405,Water,,Torrent,,Sheer Force,Blue
191,Feraligatr,85,105,100,79,83,78,530,Water,,Torrent,,Sheer Force,Blue
192,Sentret,35,46,34,35,45,20,215,Normal,,Run Away,Keen Eye,Frisk,Brown
193,Furret,85,76,64,45,55,90,415,Normal,,Run Away,Keen Eye,Frisk,Brown
194,Hoothoot,60,30,30,36,56,50,262,Normal,Flying,Insomnia,Keen Eye,Tinted Lens,Brown
195,Noctowl,100,50,50,76,96,70,442,Normal,Flying,Insomnia,Keen Eye,Tinted Lens,Brown
196,Ledyba,40,20,30,40,80,55,265,Bug,Flying,Swarm,Early Bird,Rattled,Red
197,Ledian,55,35,50,55,110,85,390,Bug,Flying,Swarm,Early Bird,Iron Fist,Red
198,Spinarak,40,60,40,40,40,30,250,Bug,Poison,Swarm,Insomnia,Sniper,Green
199,Ariados,70,90,70,60,60,40,390,Bug,Poison,Swarm,Insomnia,Sniper,Red
46,Crobat,85,90,80,70,80,130,535,Poison,Flying,Inner Focus,,Infiltrator,Purple
200,Chinchou,75,38,38,56,56,67,330,Water,Electric,Volt Absorb,Illuminate,Water Absorb,Blue
201,Lanturn,125,58,58,76,76,67,460,Water,Electric,Volt Absorb,Illuminate,Water Absorb,Blue
25,Pichu,20,40,15,35,35,60,205,Electric,,Static,,Lightningrod,Yellow
36,Cleffa,50,25,28,45,55,15,218,Fairy,,Cute Charm,Magic Guard,Friend Guard,Pink
41,Igglybuff,90,30,15,40,20,15,210,Normal,Fairy,Cute Charm,,Friend Guard,Pink
202,Togepi,35,20,65,40,65,20,245,Fairy,,Hustle,Serene Grace,Super Luck,White
203,Togetic,55,40,85,80,105,40,405,Fairy,Flying,Hustle,Serene Grace,Super Luck,White
205,Natu,40,50,45,70,45,70,320,Psychic,Flying,Synchronize,Early Bird,Magic Bounce,Green
206,Xatu,65,75,70,95,70,95,470,Psychic,Flying,Synchronize,Early Bird,Magic Bounce,Green
207,Mareep,55,40,40,65,45,35,280,Electric,,Static,,Plus,White
208,Flaaffy,70,55,55,80,60,45,365,Electric,,Static,,Plus,Pink
209,Ampharos,90,75,75,115,90,55,500,Electric,,Static,,Plus,Yellow
50,Bellossom,75,80,85,90,100,50,480,Grass,,Chlorophyll,,Healer,Green
211,Marill,70,20,50,20,50,40,250,Water,Fairy,Thick Fat,Huge Power,Sap Sipper,Blue
212,Azumarill,100,50,80,50,80,50,410,Water,Fairy,Thick Fat,Huge Power,Sap Sipper,Blue
214,Sudowoodo,70,100,115,30,65,30,410,Rock,,Sturdy,Rock Head,Rattled,Brown
68,Politoed,90,75,75,90,100,70,500,Water,,Water Absorb,Damp,Drizzle,Green
215,Hoppip,35,35,40,35,55,50,250,Grass,Flying,Chlorophyll,Leaf Guard,Infiltrator,Pink
216,Skiploom,55,45,50,45,65,80,340,Grass,Flying,Chlorophyll,Leaf Guard,Infiltrator,Green
217,Jumpluff,75,55,70,55,85,110,450,Grass,Flying,Chlorophyll,Leaf Guard,Infiltrator,Blue
218,Aipom,55,70,55,40,55,85,360,Normal,,Run Away,Pickup,Skill Link,Purple
220,Sunkern,30,30,30,30,30,30,180,Grass,,Chlorophyll,Solar Power,Early Bird,Yellow
221,Sunflora,75,75,55,105,85,30,425,Grass,,Chlorophyll,Solar Power,Early Bird,Yellow
222,Yanma,65,65,45,75,45,95,390,Bug,Flying,Speed Boost,Compoundeyes,Frisk,Red
224,Wooper,55,45,45,25,25,15,210,Water,Ground,Damp,Water Absorb,Unaware,Blue
225,Quagsire,95,85,85,65,65,35,430,Water,Ground,Damp,Water Absorb,Unaware,Blue
161,Espeon,65,65,60,130,95,110,525,Psychic,,Synchronize,,Magic Bounce,Purple
162,Umbreon,95,65,110,60,130,65,525,Dark,,Synchronize,,Inner Focus,Black
226,Murkrow,60,85,42,85,42,91,405,Dark,Flying,Insomnia,Super Luck,Prankster,Black
87,Slowking,95,75,80,100,110,30,490,Water,Psychic,Oblivious,Own Tempo,Regenerator,Pink
228,Misdreavus,60,60,60,85,85,85,435,Ghost,,Levitate,,,Gray
230,Unown,48,72,48,72,48,48,336,Psychic,,Levitate,,,Black
232,Wobbuffet,190,33,58,33,58,33,405,Psychic,,Shadow Tag,,Telepathy,Blue
233,Girafarig,70,80,65,90,65,85,455,Normal,Psychic,Inner Focus,Early Bird,Sap Sipper,Yellow
234,Pineco,50,65,90,35,35,15,290,Bug,,Sturdy,,Overcoat,Gray
235,Forretress,75,90,140,60,60,40,465,Bug,Steel,Sturdy,,Overcoat,Purple
236,Dunsparce,100,70,70,65,65,45,415,Normal,,Serene Grace,Run Away,Rattled,Yellow
237,Gligar,65,75,105,35,65,85,430,Ground,Flying,Hyper Cutter,Sand Veil,Immunity,Purple
104,Steelix,75,85,200,55,65,30,510,Steel,Ground,Rock Head,Sturdy,Sheer Force,Gray
239,Snubbull,60,80,50,40,40,30,300,Fairy,,Intimidate,Run Away,Rattled,Pink
240,Granbull,90,120,75,60,60,45,450,Fairy,,Intimidate,Quick Feet,Rattled,Purple
241,Qwilfish,65,95,75,55,55,85,430,Water,Poison,Poison Point,Swift Swim,Intimidate,Gray
142,Scizor,70,130,100,55,80,65,500,Bug,Steel,Swarm,Technician,Light Metal,Red
242,Shuckle,20,10,230,10,230,5,505,Bug,Rock,Sturdy,Gluttony,Contrary,Yellow
243,Heracross,80,125,75,40,95,85,500,Bug,Fighting,Swarm,Guts,Moxie,Blue
244,Sneasel,55,95,55,35,75,115,430,Dark,Ice,Inner Focus,Keen Eye,Pickpocket,Black
246,Teddiursa,60,80,50,50,50,40,330,Normal,,Pickup,Quick Feet,Honey Gather,Brown
247,Ursaring,90,130,75,75,75,55,500,Normal,,Guts,Quick Feet,Unnerve,Brown
248,Slugma,40,40,40,70,40,20,250,Fire,,Magma Armor,Flame Body,Weak Armor,Red
249,Magcargo,50,50,120,80,80,30,410,Fire,Rock,Magma Armor,Flame Body,Weak Armor,Red
250,Swinub,50,50,40,30,30,50,250,Ice,Ground,Oblivious,Snow Cloak,Thick Fat,Brown
251,Piloswine,100,100,80,60,60,50,450,Ice,Ground,Oblivious,Snow Cloak,Thick Fat,Brown
253,Corsola,55,55,85,65,85,35,380,Water,Rock,Hustle,Natural Cure,Regenerator,Pink
254,Remoraid,35,65,35,65,35,65,300,Water,,Hustle,Sniper,Moody,Gray
255,Octillery,75,105,75,105,75,45,480,Water,,Suction Cups,Sniper,Moody,Red
256,Delibird,45,55,45,65,45,75,330,Ice,Flying,Vital Spirit,Hustle,Insomnia,Red
258,Mantine,65,40,70,80,140,70,465,Water,Flying,Swift Swim,Water Absorb,Water Veil,Purple
259,Skarmory,65,80,140,40,70,70,465,Steel,Flying,Keen Eye,Sturdy,Weak Armor,Gray
260,Houndour,45,60,30,80,50,65,330,Dark,Fire,Early Bird,Flash Fire,Unnerve,Black
261,Houndoom,75,90,50,110,80,95,500,Dark,Fire,Early Bird,Flash Fire,Unnerve,Black
134,Kingdra,75,95,95,95,95,85,540,Water,Dragon,Swift Swim,Sniper,Damp,Blue
262,Phanpy,90,60,60,40,40,40,330,Ground,,Pickup,,Sand Veil,Blue
263,Donphan,90,120,120,60,60,50,500,Ground,,Sturdy,,Sand Veil,Gray
166,Porygon2,85,80,90,105,95,60,515,Normal,,Trace,Download,Analytic,Red
264,Stantler,73,95,62,85,65,85,465,Normal,,Intimidate,Frisk,Sap Sipper,Brown
265,Smeargle,55,20,35,20,45,75,250,Normal,,Own Tempo,Technician,Moody,White
115,Tyrogue,35,35,35,35,35,35,210,Fighting,,Guts,Steadfast,Vital Spirit,Purple
118,Hitmontop,50,95,95,35,110,70,455,Fighting,,Intimidate,Technician,Steadfast,Brown
143,Smoochum,45,30,15,85,65,65,305,Ice,Psychic,Oblivious,Forewarn,Hydration,Pink
145,Elekid,45,63,37,65,55,95,360,Electric,,Static,,Vital Spirit,Yellow
148,Magby,45,75,37,70,55,83,365,Fire,,Flame Body,,Vital Spirit,Red
266,Miltank,95,80,105,40,70,100,490,Normal,,Thick Fat,Scrappy,Sap Sipper,Pink
128,Blissey,255,10,10,75,135,55,540,Normal,,Natural Cure,Serene Grace,Healer,Pink
267,Raikou,90,85,75,115,100,115,580,Electric,,Pressure,,Volt Absorb,Yellow
268,Entei,115,115,85,90,75,100,580,Fire,,Pressure,,Flash Fire,Brown
269,Suicune,100,75,115,90,115,85,580,Water,,Pressure,,Water Absorb,Blue
270,Larvitar,50,64,50,45,50,41,300,Rock,Ground,Guts,,Sand Veil,Green
271,Pupitar,70,84,70,65,70,51,410,Rock,Ground,Shed Skin,,,Gray
272,Tyranitar,100,134,110,95,100,61,600,Rock,Dark,Sand Stream,,Unnerve,Green
273,Lugia,106,90,130,90,154,110,680,Psychic,Flying,Pressure,,Multiscale,White
274,Ho-oh,106,130,90,110,154,90,680,Fire,Flying,Pressure,,Regenerator,Red
275,Celebi,100,100,100,100,100,100,600,Psychic,Grass,Natural Cure,,,Green
276,Treecko,40,45,35,65,55,70,310,Grass,,Overgrow,,Unburden,Green
277,Grovyle,50,65,45,85,65,95,405,Grass,,Overgrow,,Unburden,Green
278,Sceptile,70,85,65,105,85,120,530,Grass,,Overgrow,,Unburden,Green
279,Torchic,45,60,40,70,50,45,310,Fire,,Blaze,,Speed Boost,Red
280,Combusken,60,85,60,85,60,55,405,Fire,Fighting,Blaze,,Speed Boost,Red
281,Blaziken,80,120,70,110,70,80,530,Fire,Fighting,Blaze,,Speed Boost,Red
282,Mudkip,50,70,50,50,50,40,310,Water,,Torrent,,Damp,Blue
283,Marshtomp,70,85,70,60,70,50,405,Water,Ground,Torrent,,Damp,Blue
284,Swampert,100,110,90,85,90,60,535,Water,Ground,Torrent,,Damp,Blue
285,Poochyena,35,55,35,30,30,35,220,Dark,,Run Away,Quick Feet,Rattled,Gray
286,Mightyena,70,90,70,60,60,70,420,Dark,,Intimidate,Quick Feet,Moxie,Gray
287,Zigzagoon,38,30,41,30,41,60,240,Normal,,Pickup,Gluttony,Quick Feet,Brown
288,Linoone,78,70,61,50,61,100,420,Normal,,Pickup,Gluttony,Quick Feet,White
289,Wurmple,45,45,35,20,30,20,195,Bug,,Shield Dust,,Run Away,Red
290,Silcoon,50,35,55,25,25,15,205,Bug,,Shed Skin,,,White
291,Beautifly,60,70,50,90,50,65,385,Bug,Flying,Swarm,,Rivalry,Yellow
292,Cascoon,50,35,55,25,25,15,205,Bug,,Shed Skin,,,Purple
293,Dustox,60,50,70,50,90,65,385,Bug,Poison,Shield Dust,,Compoundeyes,Green
294,Lotad,40,30,30,40,50,30,220,Water,Grass,Swift Swim,Rain Dish,Own Tempo,Green
295,Lombre,60,50,50,60,70,50,340,Water,Grass,Swift Swim,Rain Dish,Own Tempo,Green
296,Ludicolo,80,70,70,90,100,70,480,Water,Grass,Swift Swim,Rain Dish,Own Tempo,Green
297,Seedot,40,40,50,30,30,30,220,Grass,,Chlorophyll,Early Bird,Pickpocket,Brown
298,Nuzleaf,70,70,40,60,40,60,340,Grass,Dark,Chlorophyll,Early Bird,Pickpocket,Brown
299,Shiftry,90,100,60,90,60,80,480,Grass,Dark,Chlorophyll,Early Bird,Pickpocket,Brown
300,Taillow,40,55,30,30,30,85,270,Normal,Flying,Guts,,Scrappy,Blue
301,Swellow,60,85,60,50,50,125,430,Normal,Flying,Guts,,Scrappy,Blue
302,Wingull,40,30,30,55,30,85,270,Water,Flying,Keen Eye,,Rain Dish,White
303,Pelipper,60,50,100,85,70,65,430,Water,Flying,Keen Eye,,Rain Dish,Yellow
304,Ralts,28,25,25,45,35,40,198,Psychic,Fairy,Synchronize,Trace,Telepathy,White
305,Kirlia,38,35,35,65,55,50,278,Psychic,Fairy,Synchronize,Trace,Telepathy,White
306,Gardevoir,68,65,65,125,115,80,518,Psychic,Fairy,Synchronize,Trace,Telepathy,White
308,Surskit,40,30,32,50,52,65,269,Bug,Water,Swift Swim,,Rain Dish,Blue
309,Masquerain,70,60,62,80,82,60,414,Bug,Flying,Intimidate,,Unnerve,Blue
310,Shroomish,60,40,60,40,60,35,295,Grass,,Effect Spore,Poison Heal,Quick Feet,Brown
311,Breloom,60,130,80,60,60,70,460,Grass,Fighting,Effect Spore,Poison Heal,Technician,Green
312,Slakoth,60,60,60,35,35,30,280,Normal,,Truant,,,Brown
313,Vigoroth,80,80,80,55,55,90,440,Normal,,Vital Spirit,,,White
314,Slaking,150,160,100,95,65,100,670,Normal,,Truant,,,Brown
315,Nincada,31,45,90,30,30,40,266,Bug,Ground,Compoundeyes,,Run Away,Gray
316,Ninjask,61,90,45,50,50,160,456,Bug,Flying,Speed Boost,,Infiltrator,Yellow
317,Shedinja,1,90,45,30,30,40,236,Bug,Ghost,Wonder Guard,,,Brown
318,Whismur,64,51,23,51,23,28,240,Normal,,Soundproof,,Rattled,Pink
319,Loudred,84,71,43,71,43,48,360,Normal,,Soundproof,,Scrappy,Blue
320,Exploud,104,91,63,91,63,68,480,Normal,,Soundproof,,Scrappy,Blue
321,Makuhita,72,60,30,20,30,25,237,Fighting,,Thick Fat,Guts,Sheer Force,Yellow
322,Hariyama,144,120,60,40,60,50,474,Fighting,,Thick Fat,Guts,Sheer Force,Brown
210,Azurill,50,20,40,20,40,20,190,Normal,Fairy,Thick Fat,Huge Power,Sap Sipper,Blue
323,Nosepass,30,45,135,45,90,30,375,Rock,,Sturdy,Magnet Pull,Sand Force,Gray
325,Skitty,50,45,45,35,35,50,260,Normal,,Cute Charm,Normalize,Wonder Skin,Pink
326,Delcatty,70,65,65,55,55,70,380,Normal,,Cute Charm,Normalize,Wonder Skin,Purple
327,Sableye,50,75,75,65,65,50,380,Dark,Ghost,Keen Eye,Stall,Prankster,Purple
328,Mawile,50,85,85,55,55,50,380,Steel,Fairy,Hyper Cutter,Intimidate,Sheer Force,Black
329,Aron,50,70,100,40,40,30,330,Steel,Rock,Sturdy,Rock Head,Heavy Metal,Gray
330,Lairon,60,90,140,50,50,40,430,Steel,Rock,Sturdy,Rock Head,Heavy Metal,Gray
331,Aggron,70,110,180,60,60,50,530,Steel,Rock,Sturdy,Rock Head,Heavy Metal,Gray
332,Meditite,30,40,55,40,55,60,280,Fighting,Psychic,Pure Power,,Telepathy,Blue
333,Medicham,60,60,75,60,75,80,410,Fighting,Psychic,Pure Power,,Telepathy,Red
334,Electrike,40,45,40,65,40,65,295,Electric,,Static,Lightningrod,Minus,Green
335,Manectric,70,75,60,105,60,105,475,Electric,,Static,Lightningrod,Minus,Yellow
336,Plusle,60,50,40,85,75,95,405,Electric,,Plus,,,Yellow
337,Minun,60,40,50,75,85,95,405,Electric,,Minus,,,Yellow
338,Volbeat,65,73,55,47,75,85,400,Bug,,Illuminate,Swarm,Prankster,Gray
339,Illumise,65,47,55,73,75,85,400,Bug,,Oblivious,Tinted Lens,Prankster,Purple
341,Roselia,50,60,45,100,80,65,400,Grass,Poison,Natural Cure,Poison Point,Leaf Guard,Green
343,Gulpin,70,43,53,43,53,40,302,Poison,,Liquid Ooze,Sticky Hold,Gluttony,Green
344,Swalot,100,73,83,73,83,55,467,Poison,,Liquid Ooze,Sticky Hold,Gluttony,Purple
345,Carvanha,45,90,20,65,20,65,305,Water,Dark,Rough Skin,,Speed Boost,Red
346,Sharpedo,70,120,40,95,40,95,460,Water,Dark,Rough Skin,,Speed Boost,Blue
347,Wailmer,130,70,35,70,35,60,400,Water,,Water Veil,Oblivious,Pressure,Blue
348,Wailord,170,90,45,90,45,60,500,Water,,Water Veil,Oblivious,Pressure,Blue
349,Numel,60,60,40,65,45,35,305,Fire,Ground,Oblivious,Simple,Own Tempo,Yellow
350,Camerupt,70,100,70,105,75,40,460,Fire,Ground,Magma Armor,Solid Rock,Anger Point,Red
351,Torkoal,70,85,140,85,70,20,470,Fire,,White Smoke,,Shell Armor,Brown
352,Spoink,60,25,35,70,80,60,330,Psychic,,Thick Fat,Own Tempo,Gluttony,Black
353,Grumpig,80,45,65,90,110,80,470,Psychic,,Thick Fat,Own Tempo,Gluttony,Purple
354,Spinda,60,60,60,60,60,60,360,Normal,,Own Tempo,Tangled Feet,Contrary,Brown
355,Trapinch,45,100,45,45,45,10,290,Ground,,Hyper Cutter,Arena Trap,Sheer Force,Brown
356,Vibrava,50,70,50,50,50,70,340,Ground,Dragon,Levitate,,,Green
357,Flygon,80,100,80,80,80,100,520,Ground,Dragon,Levitate,,,Green
358,Cacnea,50,85,40,85,40,35,335,Grass,,Sand Veil,,Water Absorb,Green
359,Cacturne,70,115,60,115,60,55,475,Grass,Dark,Sand Veil,,Water Absorb,Green
360,Swablu,45,40,60,40,75,50,310,Normal,Flying,Natural Cure,,Cloud Nine,Blue
361,Altaria,75,70,90,70,105,80,490,Dragon,Flying,Natural Cure,,Cloud Nine,Blue
362,Zangoose,73,115,60,60,60,90,458,Normal,,Immunity,,Poison Rampage,White
363,Seviper,73,100,60,100,60,65,458,Poison,,Shed Skin,,Infiltrator,Black
364,Lunatone,70,55,65,95,85,70,440,Rock,Psychic,Levitate,,,Yellow
365,Solrock,70,95,85,55,65,70,440,Rock,Psychic,Levitate,,,Red
366,Barboach,50,48,43,46,41,60,288,Water,Ground,Oblivious,Anticipate,Hydration,Gray
367,Whiscash,110,78,73,76,71,60,468,Water,Ground,Oblivious,Anticipate,Hydration,Blue
368,Corphish,43,80,65,50,35,35,308,Water,,Hyper Cutter,Shell Armor,Adaptability,Red
369,Crawdaunt,63,120,85,90,55,55,468,Water,Dark,Hyper Cutter,Shell Armor,Adaptability,Red
370,Baltoy,40,40,55,40,70,55,300,Ground,Psychic,Levitate,,,Brown
371,Claydol,60,70,105,70,120,75,500,Ground,Psychic,Levitate,,,Black
372,Lileep,66,41,77,61,87,23,355,Rock,Grass,Suction Cups,,Storm Drain,Purple
373,Cradily,86,81,97,81,107,43,495,Rock,Grass,Suction Cups,,Storm Drain,Green
374,Anorith,45,95,50,40,50,75,355,Rock,Bug,Battle Armor,,Swift Swim,Gray
375,Armaldo,75,125,100,70,80,45,495,Rock,Bug,Battle Armor,,Swift Swim,Gray
376,Feebas,20,15,20,10,55,80,200,Water,,Swift Swim,,Adaptability,Brown
377,Milotic,95,60,79,100,125,81,540,Water,,Marvel Scale,,Cute Charm,Pink
378,Castform,70,70,70,70,70,70,420,Normal,,Forecast,,,White
379,Kecleon,60,90,70,60,120,40,440,Normal,,Color Change,,,Green
380,Shuppet,44,75,35,63,33,45,295,Ghost,,Insomnia,Frisk,Cursed Body,Black
381,Banette,64,115,65,83,63,65,455,Ghost,,Insomnia,Frisk,Cursed Body,Black
382,Duskull,20,40,90,30,90,25,295,Ghost,,Levitate,,,Black
383,Dusclops,40,70,130,60,130,25,455,Ghost,,Pressure,,,Black
385,Tropius,99,68,83,72,87,51,460,Grass,Flying,Chlorophyll,Solar Power,Harvest,Green
387,Chimecho,65,50,70,95,80,65,425,Psychic,,Levitate,,,Blue
388,Absol,65,130,60,75,60,75,465,Dark,,Pressure,Super Luck,Justified,White
231,Wynaut,95,23,48,23,48,23,260,Psychic,,Shadow Tag,,Telepathy,Blue
389,Snorunt,50,50,50,50,50,50,300,Ice,,Inner Focus,Ice Body,Moody,Gray
390,Glalie,80,80,80,80,80,80,480,Ice,,Inner Focus,Ice Body,Moody,Gray
392,Spheal,70,40,50,55,50,25,290,Ice,Water,Thick Fat,Ice Body,Oblivious,Blue
393,Sealeo,90,60,70,75,70,45,410,Ice,Water,Thick Fat,Ice Body,Oblivious,Blue
394,Walrein,110,80,90,95,90,65,530,Ice,Water,Thick Fat,Ice Body,Oblivious,Blue
395,Clamperl,35,64,85,74,55,32,345,Water,,Shell Armor,,Rattled,Blue
396,Huntail,55,104,105,94,75,52,485,Water,,Swift Swim,,Water Veil,Blue
397,Gorebyss,55,84,105,114,75,52,485,Water,,Swift Swim,,Hydration,Pink
398,Relicanth,100,90,130,45,65,55,485,Water,Rock,Swift Swim,Rock Head,Sturdy,Gray
399,Luvdisc,43,30,55,40,65,97,330,Water,,Swift Swim,,Hydration,Pink
400,Bagon,45,75,60,40,30,50,300,Dragon,,Rock Head,,Sheer Force,Blue
401,Shelgon,65,95,100,60,50,50,420,Dragon,,Rock Head,,Overcoat,White
402,Salamence,95,135,80,110,80,100,600,Dragon,Flying,Intimidate,,Moxie,Blue
403,Beldum,40,55,80,35,60,30,300,Steel,Psychic,Clear Body,,Light Metal,Blue
404,Metang,60,75,100,55,80,50,420,Steel,Psychic,Clear Body,,Light Metal,Blue
405,Metagross,80,135,130,95,90,70,600,Steel,Psychic,Clear Body,,Light Metal,Blue
406,Regirock,80,100,200,50,100,50,580,Rock,,Clear Body,,Sturdy,Brown
407,Regice,80,50,100,100,200,50,580,Ice,,Clear Body,,Ice Body,Blue
408,Registeel,80,75,150,75,150,50,580,Steel,,Clear Body,,Light Metal,Gray
409,Latias,80,80,90,110,130,110,600,Dragon,Psychic,Levitate,,,Red
410,Latios,80,90,80,130,110,110,600,Dragon,Psychic,Levitate,,,Blue
411,Kyogre,100,100,90,150,140,90,670,Water,,Drizzle,,,Blue
412,Groudon,100,150,140,100,90,90,670,Ground,,Drought,,,Red
413,Rayquaza,105,150,90,150,90,95,680,Dragon,Flying,Air Lock,,,Green
414,Jirachi,100,100,100,100,100,100,600,Steel,Psychic,Serene Grace,,,Yellow
415,Deoxys (N),50,150,50,150,50,150,600,Psychic,,Pressure,,,Red
415.1,Deoxys (A),50,180,20,180,20,150,600,Psychic,,Pressure,,,Red
415.2,Deoxys (D),50,70,160,70,160,90,600,Psychic,,Pressure,,,Red
415.3,Deoxys (S),50,95,90,95,90,180,600,Psychic,,Pressure,,,Red
416,Turtwig,55,68,64,45,55,31,318,Grass,,Overgrow,,Shell Armor,Green
417,Grotle,75,89,85,55,65,36,405,Grass,,Overgrow,,Shell Armor,Green
418,Torterra,95,109,105,75,85,56,525,Grass,Ground,Overgrow,,Shell Armor,Green
419,Chimchar,44,58,44,58,44,61,309,Fire,,Blaze,,Iron Fist,Brown
420,Monferno,64,78,52,78,52,81,405,Fire,Fighting,Blaze,,Iron Fist,Brown
421,Infernape,76,104,71,104,71,108,534,Fire,Fighting,Blaze,,Iron Fist,Brown
422,Piplup,53,51,53,61,56,40,314,Water,,Torrent,,Defiant,Blue
423,Prinplup,64,66,68,81,76,50,405,Water,,Torrent,,Defiant,Blue
424,Empoleon,84,86,88,111,101,60,530,Water,Steel,Torrent,,Defiant,Blue
425,Starly,40,55,30,30,30,60,245,Normal,Flying,Keen Eye,,,Brown
426,Staravia,55,75,50,40,40,80,340,Normal,Flying,Intimidate,,Reckless,Brown
427,Staraptor,85,120,70,50,50,100,475,Normal,Flying,Intimidate,,Reckless,Brown
428,Bidoof,59,45,40,35,40,31,250,Normal,,Simple,Unaware,Moody,Brown
429,Bibarel,79,85,60,60,71,55,410,Normal,Water,Simple,Unaware,Moody,Brown
430,Kricketot,37,25,41,25,41,25,194,Bug,,Shed Skin,,Run Away,Red
431,Kricketune,77,85,51,55,51,65,384,Bug,,Swarm,,Technician,Red
432,Shinx,45,65,34,40,34,45,263,Electric,,Rivalry,Intimidate,Guts,Blue
433,Luxio,60,85,49,60,49,60,363,Electric,,Rivalry,Intimidate,Guts,Blue
434,Luxray,80,120,79,95,79,70,523,Electric,,Rivalry,Intimidate,Guts,Blue
340,Budew,40,30,35,50,70,55,280,Grass,Poison,Natural Cure,Poison Point,Leaf Guard,Green
342,Roserade,60,70,55,125,105,90,505,Grass,Poison,Natural Cure,Poison Point,Technician,Green
435,Cranidos,67,125,40,30,30,58,350,Rock,,Mold Breaker,,Sheer Force,Blue
436,Rampardos,97,165,60,65,50,58,495,Rock,,Mold Breaker,,Sheer Force,Blue
437,Shieldon,30,42,118,42,88,30,350,Rock,Steel,Sturdy,,Soundproof,Gray
438,Bastiodon,60,52,168,47,138,30,495,Rock,Steel,Sturdy,,Soundproof,Gray
439,Burmy,40,29,45,29,45,36,224,Bug,,Shed Skin,,Overcoat,Gray
440,Wormadam (P),60,59,85,79,105,36,424,Bug,Grass,Anticipate,,Overcoat,Gray
440.1,Wormadam (S),60,79,105,59,85,36,424,Bug,Ground,Anticipate,,Overcoat,Gray
440.2,Wormadam (T),60,69,95,69,95,36,424,Bug,Steel,Anticipate,,Overcoat,Gray
441,Mothim,70,94,50,94,50,66,424,Bug,Flying,Swarm,,Tinted Lens,Yellow
442,Combee,30,30,42,30,42,70,244,Bug,Flying,Honey Gather,,Hustle,Yellow
443,Vespiquen,70,80,102,80,102,40,474,Bug,Flying,Pressure,,Unnerve,Yellow
444,Pachirisu,60,45,70,45,90,95,405,Electric,,Run Away,Pickup,Volt Absorb,White
445,Buizel,55,65,35,60,30,85,330,Water,,Swift Swim,,Water Veil,Brown
446,Floatzel,85,105,55,85,50,115,495,Water,,Swift Swim,,Water Veil,Brown
447,Cherubi,45,35,45,62,53,35,275,Grass,,Chlorophyll,,,Pink
448,Cherrim,70,60,70,87,78,85,450,Grass,,Flower Gift,,,Pink
449,Shellos,76,48,48,57,62,34,325,Water,,Sticky Hold,Storm Drain,Sand Force,Purple
450,Gastrodon,111,83,68,92,82,39,475,Water,Ground,Sticky Hold,Storm Drain,Sand Force,Purple
219,Ambipom,75,100,66,60,66,115,482,Normal,,Technician,Pickup,Skill Link,Purple
451,Drifloon,90,50,34,60,44,70,348,Ghost,Flying,Aftermath,Unburden,Flare Boost,Purple
452,Drifblim,150,80,44,90,54,80,498,Ghost,Flying,Aftermath,Unburden,Flare Boost,Purple
453,Buneary,55,66,44,44,56,85,350,Normal,,Run Away,Klutz,Limber,Brown
454,Lopunny,65,76,84,54,96,105,480,Normal,,Cute Charm,Klutz,Limber,Brown
229,Mismagius,60,60,60,105,105,105,495,Ghost,,Levitate,,,Purple
227,Honchkrow,100,125,52,105,52,71,505,Dark,Flying,Insomnia,Super Luck,Moxie,Black
455,Glameow,49,55,42,42,37,85,310,Normal,,Limber,Own Tempo,Keen Eye,Gray
456,Purugly,71,82,64,64,59,112,452,Normal,,Thick Fat,Own Tempo,Defiant,Gray
386,Chingling,45,30,50,65,50,45,285,Psychic,,Levitate,,,Yellow
457,Stunky,63,63,47,41,41,74,329,Poison,Dark,Stench,Aftermath,Keen Eye,Purple
458,Skuntank,103,93,67,71,61,84,479,Poison,Dark,Stench,Aftermath,Keen Eye,Purple
459,Bronzor,57,24,86,24,86,23,300,Steel,Psychic,Levitate,Heatproof,Heavy Metal,Green
460,Bronzong,67,89,116,79,116,33,500,Steel,Psychic,Levitate,Heatproof,Heavy Metal,Green
213,Bonsly,50,80,95,10,45,10,290,Rock,,Sturdy,Rock Head,Rattled,Brown
139,Mime Jr.,20,25,45,70,90,60,310,Psychic,Fairy,Soundproof,Filter,Technician,Pink
126,Happiny,100,5,5,15,65,30,220,Normal,,Natural Cure,Serene Grace,Friend Guard,Pink
461,Chatot,76,65,45,92,42,91,411,Normal,Flying,Keen Eye,Tangled Feet,Big Pecks,Black
462,Spiritomb,50,92,108,92,108,35,485,Ghost,Dark,Pressure,,Infiltrator,Purple
463,Gible,58,70,45,40,45,42,300,Dragon,Ground,Sand Veil,,Rough Skin,Blue
464,Gabite,68,90,65,50,55,82,410,Dragon,Ground,Sand Veil,,Rough Skin,Blue
465,Garchomp,108,130,95,80,85,102,600,Dragon,Ground,Sand Veil,,Rough Skin,Blue
173,Munchlax,135,85,40,40,85,5,390,Normal,,Pickup,Thick Fat,Gluttony,Black
466,Riolu,40,70,40,35,40,60,285,Fighting,,Steadfast,Inner Focus,Prankster,Blue
467,Lucario,70,110,70,115,70,90,525,Fighting,Steel,Steadfast,Inner Focus,Justified,Blue
468,Hippopotas,68,72,78,38,42,32,330,Ground,,Sand Stream,,Sand Force,Brown
469,Hippowdon,108,112,118,68,72,47,525,Ground,,Sand Stream,,Sand Force,Brown
470,Skorupi,40,50,90,30,55,65,330,Poison,Bug,Battle Armor,Sniper,Keen Eye,Purple
471,Drapion,70,90,110,60,75,95,500,Poison,Dark,Battle Armor,Sniper,Keen Eye,Purple
472,Croagunk,48,61,40,61,40,50,300,Poison,Fighting,Anticipate,Dry Skin,Poison Touch,Blue
473,Toxicroak,83,106,65,86,65,85,490,Poison,Fighting,Anticipate,Dry Skin,Poison Touch,Blue
474,Carnivine,74,100,72,90,72,46,454,Grass,,Levitate,,,Green
475,Finneon,49,49,56,49,61,66,330,Water,,Swift Swim,Storm Drain,Water Veil,Blue
476,Lumineon,69,69,76,69,86,91,460,Water,,Swift Swim,Storm Drain,Water Veil,Blue
257,Mantyke,45,20,50,60,120,50,345,Water,Flying,Swift Swim,Water Absorb,,Blue
477,Snover,60,62,50,62,60,40,334,Ice,Grass,Snow Warning,,Soundproof,White
478,Abomasnow,90,92,75,92,85,60,494,Ice,Grass,Snow Warning,,Soundproof,White
245,Weavile,70,120,65,45,85,125,510,Dark,Ice,Pressure,,Pickpocket,Black
90,Magnezone,70,70,115,130,90,60,535,Electric,Steel,Magnet Pull,Sturdy,Analytic,Gray
120,Lickilicky,110,85,95,80,95,50,515,Normal,,Own Tempo,Oblivious,Cloud Nine,Pink
125,Rhyperior,115,140,130,55,55,40,535,Ground,Rock,Lightningrod,Solid Rock,Reckless,Gray
130,Tangrowth,100,100,125,110,50,50,535,Grass,,Chlorophyll,Leaf Guard,Regenerator,Blue
147,Electivire,75,123,67,95,85,95,540,Electric,,Motor Drive,,Vital Spirit,Yellow
150,Magmortar,75,95,67,125,95,83,540,Fire,,Flame Body,,Vital Spirit,Red
204,Togekiss,85,50,95,120,115,80,545,Fairy,Flying,Hustle,Serene Grace,Super Luck,White
223,Yanmega,86,76,86,116,56,95,515,Bug,Flying,Speed Boost,Tinted Lens,Frisk,Green
163,Leafeon,65,110,130,60,65,95,525,Grass,,Leaf Guard,,Chlorophyll,Green
164,Glaceon,65,60,110,130,95,65,525,Ice,,Snow Cloak,,Ice Body,Blue
238,Gliscor,75,95,125,45,75,95,510,Ground,Flying,Hyper Cutter,Sand Veil,Poison Heal,Purple
252,Mamoswine,110,130,80,70,60,80,530,Ice,Ground,Oblivious,Snow Cloak,Thick Fat,Brown
167,Porygon-Z,85,80,70,135,75,90,535,Normal,,Adaptability,Download,Analytic,Red
307,Gallade,68,125,65,65,115,80,518,Psychic,Fighting,Steadfast,,Justified,White
324,Probopass,60,55,145,75,150,40,525,Rock,Steel,Sturdy,Magnet Pull,Sand Force,Gray
384,Dusknoir,45,100,135,65,135,45,525,Ghost,,Pressure,,,Black
391,Froslass,70,80,70,80,70,110,480,Ice,Ghost,Snow Cloak,,Cursed Body,White
479,Rotom,50,50,77,95,77,91,440,Electric,Ghost,Levitate,,,Red
479.1,Rotom (Heat),50,65,107,105,107,86,520,Electric,Fire,Levitate,,,Red
479.2,Rotom (Wash),50,65,107,105,107,86,520,Electric,Water,Levitate,,,Red
479.3,Rotom (Frost),50,65,107,105,107,86,520,Electric,Ice,Levitate,,,Red
479.4,Rotom (Spin),50,65,107,105,107,86,520,Electric,Flying,Levitate,,,Red
479.5,Rotom (Cut),50,65,107,105,107,86,520,Electric,Grass,Levitate,,,Red
480,Uxie,75,75,130,75,130,95,580,Psychic,,Levitate,,,Yellow
481,Mesprit,80,105,105,105,105,80,580,Psychic,,Levitate,,,Pink
482,Azelf,75,125,70,125,70,115,580,Psychic,,Levitate,,,Blue
483,Dialga,100,120,120,150,100,90,680,Steel,Dragon,Pressure,,Telepathy,White
484,Palkia,90,120,100,150,120,100,680,Water,Dragon,Pressure,,Telepathy,Purple
485,Heatran,91,90,106,130,106,77,600,Fire,Steel,Flash Fire,,Flame Body,Brown
486,Regigigas,110,160,110,80,110,100,670,Normal,,Slow Start,,,White
487,Giratina,150,100,120,100,120,90,680,Ghost,Dragon,Pressure,,Telepathy,Black
487.1,Giratina (O),150,120,100,120,100,90,680,Ghost,Dragon,Levitate,,,Black
488,Cresselia,120,70,120,75,130,85,600,Psychic,,Levitate,,,Yellow
489,Phione,80,80,80,80,80,80,480,Water,,Hydration,,,Blue
490,Manaphy,100,100,100,100,100,100,600,Water,,Hydration,,,Blue
491,Darkrai,70,90,90,135,90,125,600,Dark,,Bad Dreams,,,Black
492,Shaymin,100,100,100,100,100,100,600,Grass,,Natural Cure,,,Green
492.1,Shaymin (S),100,103,75,120,75,127,600,Grass,Flying,Serene Grace,,,Green
493,Arceus,120,120,120,120,120,120,720,Normal,,Multitype,,,Gray
494,Victini,100,100,100,100,100,100,600,Psychic,Fire,Victory Star,,,Yellow
495,Snivy,45,45,55,45,55,63,308,Grass,,Overgrow,,Contrary,Green
496,Servine,60,60,75,60,75,83,413,Grass,,Overgrow,,Contrary,Green
497,Serperior,75,75,95,75,95,113,528,Grass,,Overgrow,,Contrary,Green
498,Tepig,65,63,45,45,45,45,308,Fire,,Blaze,,Thick Fat,Red
499,Pignite,90,93,55,70,55,55,418,Fire,Fighting,Blaze,,Thick Fat,Red
500,Emboar,110,123,65,100,65,65,528,Fire,Fighting,Blaze,,Reckless,Red
501,Oshawott,55,55,45,63,45,45,308,Water,,Torrent,,Shell Armor,Blue
502,Dewott,75,75,60,83,60,60,413,Water,,Torrent,,Shell Armor,Blue
503,Samurott,95,100,85,108,70,70,528,Water,,Torrent,,Shell Armor,Blue
504,Patrat,45,55,39,35,39,42,255,Normal,,Run Away,Keen Eye,Analytic,Brown
505,Watchog,60,85,69,60,69,77,420,Normal,,Illuminate,Keen Eye,Analytic,Brown
506,Lillipup,45,60,45,25,45,55,275,Normal,,Vital Spirit,Pickup,Run Away,Brown
507,Herdier,65,80,65,35,65,60,370,Normal,,Intimidate,Sand Rush,Scrappy,Gray
508,Stoutland,85,100,90,45,90,80,490,Normal,,Intimidate,Sand Rush,Scrappy,Gray
509,Purrloin,41,50,37,50,37,66,281,Dark,,Limber,Unburden,Prankster,Purple
510,Liepard,64,88,50,88,50,106,446,Dark,,Limber,Unburden,Prankster,Purple
511,Pansage,50,53,48,53,48,64,316,Grass,,Gluttony,,Overgrow,Green
512,Simisage,75,98,63,98,63,101,498,Grass,,Gluttony,,Overgrow,Green
513,Pansear,50,53,48,53,48,64,316,Fire,,Gluttony,,Blaze,Red
514,Simisear,75,98,63,98,63,101,498,Fire,,Gluttony,,Blaze,Red
515,Panpour,50,53,48,53,48,64,316,Water,,Gluttony,,Torrent,Blue
516,Simipour,75,98,63,98,63,101,498,Water,,Gluttony,,Torrent,Blue
517,Munna,76,25,45,67,55,24,292,Psychic,,Forewarn,Synchronize,Telepathy,Pink
518,Musharna,116,55,85,107,95,29,487,Psychic,,Forewarn,Synchronize,Telepathy,Pink
519,Pidove,50,55,50,36,30,43,264,Normal,Flying,Big Pecks,Super Luck,Rivalry,Gray
520,Tranquill,62,77,62,50,42,65,358,Normal,Flying,Big Pecks,Super Luck,Rivalry,Gray
521,Unfezant,80,105,80,65,55,93,478,Normal,Flying,Big Pecks,Super Luck,Rivalry,Gray
522,Blitzle,45,60,32,50,32,76,295,Electric,,Lightningrod,Motor Drive,Sap Sipper,Black
523,Zebstrika,75,100,63,80,63,116,497,Electric,,Lightningrod,Motor Drive,Sap Sipper,Black
524,Roggenrola,55,75,85,25,25,15,280,Rock,,Sturdy,,Sand Force,Blue
525,Boldore,70,105,105,50,40,20,390,Rock,,Sturdy,,Sand Force,Blue
526,Gigalith,85,135,130,60,70,25,505,Rock,,Sturdy,,Sand Force,Blue
527,Woobat,55,45,43,55,43,72,313,Psychic,Flying,Unaware,Klutz,Simple,Blue
528,Swoobat,67,57,55,77,55,114,425,Psychic,Flying,Unaware,Klutz,Simple,Blue
529,Drilbur,60,85,40,30,45,68,328,Ground,,Sand Rush,Sand Force,Mold Breaker,Gray
530,Excadrill,110,135,60,50,65,88,508,Ground,Steel,Sand Rush,Sand Force,Mold Breaker,Gray
531,Audino,103,60,86,60,86,50,445,Normal,,Healer,Regenerator,Klutz,Pink
532,Timburr,75,80,55,25,35,35,305,Fighting,,Guts,Sheer Force,Iron Fist,Gray
533,Gurdurr,85,105,85,40,50,40,405,Fighting,,Guts,Sheer Force,Iron Fist,Gray
534,Conkeldurr,105,140,95,55,65,45,505,Fighting,,Guts,Sheer Force,Iron Fist,Brown
535,Tympole,50,50,40,50,40,64,294,Water,,Swift Swim,Hydration,Water Absorb,Blue
536,Palpitoad,75,65,55,65,55,69,384,Water,Ground,Swift Swim,Hydration,Water Absorb,Blue
537,Seismitoad,105,85,75,85,75,74,499,Water,Ground,Swift Swim,Poison Touch,Water Absorb,Blue
538,Throh,120,100,85,30,85,45,465,Fighting,,Guts,Inner Focus,Mold Breaker,Red
539,Sawk,75,125,75,30,75,85,465,Fighting,,Sturdy,Inner Focus,Mold Breaker,Blue
540,Sewaddle,45,53,70,40,60,42,310,Bug,Grass,Swarm,Chlorophyll,Overcoat,Yellow
541,Swadloon,55,63,90,50,80,42,380,Bug,Grass,Leaf Guard,Chlorophyll,Overcoat,Green
542,Leavanny,75,103,80,70,70,92,490,Bug,Grass,Swarm,Chlorophyll,Overcoat,Yellow
543,Venipede,30,45,59,30,39,57,260,Bug,Poison,Poison Point,Swarm,Quick Feet,Red
544,Whirlipede,40,55,99,40,79,47,360,Bug,Poison,Poison Point,Swarm,Quick Feet,Gray
545,Scolipede,60,90,89,55,69,112,475,Bug,Poison,Poison Point,Swarm,Quick Feet,Red
546,Cottonee,40,27,60,37,50,66,280,Grass,Fairy,Prankster,Infiltrator,Chlorophyll,Green
547,Whimsicott,60,67,85,77,75,116,480,Grass,Fairy,Prankster,Infiltrator,Chlorophyll,Green
548,Petilil,45,35,50,70,50,30,280,Grass,,Chlorophyll,Own Tempo,Leaf Guard,Green
549,Lilligant,70,60,75,110,75,90,480,Grass,,Chlorophyll,Own Tempo,Leaf Guard,Green
550,Basculin,70,92,65,80,55,98,460,Water,,Reckless,Adaptability,Mold Breaker,Green
551,Sandile,50,72,35,35,35,65,292,Ground,Dark,Intimidate,Moxie,Anger Point,Brown
552,Krokorok,60,82,45,45,45,74,351,Ground,Dark,Intimidate,Moxie,Anger Point,Brown
553,Krookodile,95,117,70,65,70,92,509,Ground,Dark,Intimidate,Moxie,Anger Point,Red
554,Darumaka,70,90,45,15,45,50,315,Fire,,Hustle,,Inner Focus,Red
555,Darmanitan,105,140,55,30,55,95,480,Fire,,Sheer Force,,Zen Mode,Red
555.1,Darmanitan (Z),105,30,105,140,105,55,540,Fire,Psychic,,,Zen Mode,Red
556,Maractus,75,86,67,106,67,60,461,Grass,,Water Absorb,Chlorophyll,Storm Drain,Green
557,Dwebble,50,65,85,35,35,55,325,Bug,Rock,Sturdy,Shell Armor,Weak Armor,Red
558,Crustle,70,95,125,65,75,45,475,Bug,Rock,Sturdy,Shell Armor,Weak Armor,Red
559,Scraggy,50,75,70,35,70,48,348,Dark,Fighting,Shed Skin,Moxie,Intimidate,Yellow
560,Scrafty,65,90,115,45,115,58,488,Dark,Fighting,Shed Skin,Moxie,Intimidate,Red
561,Sigilyph,72,58,80,103,80,97,490,Psychic,Flying,Wonder Skin,Magic Guard,Tinted Lens,Black
562,Yamask,38,30,85,55,65,30,303,Ghost,,Mummy,,,Black
563,Cofagrigus,58,50,145,95,105,30,483,Ghost,,Mummy,,,Yellow
564,Tirtouga,54,78,103,53,45,22,355,Water,Rock,Solid Rock,Sturdy,Swift Swim,Blue
565,Carracosta,74,108,133,83,65,32,495,Water,Rock,Solid Rock,Sturdy,Swift Swim,Blue
566,Archen,55,112,45,74,45,70,401,Rock,Flying,Defeatist,,,Yellow
567,Archeops,75,140,65,112,65,110,567,Rock,Flying,Defeatist,,,Yellow
568,Trubbish,50,50,62,40,62,65,329,Poison,,Stench,Sticky Hold,Aftermath,Green
569,Garbodor,80,95,92,60,82,75,484,Poison,,Stench,Weak Armor,Aftermath,Green
570,Zorua,40,65,40,80,40,65,330,Dark,,Illusion,,,Gray
571,Zoroark,60,105,60,120,60,105,510,Dark,,Illusion,,,Gray
572,Minccino,55,50,40,40,40,75,300,Normal,,Cute Charm,Technician,Skill Link,Gray
573,Cinccino,75,95,60,65,60,115,470,Normal,,Cute Charm,Technician,Skill Link,Gray
574,Gothita,45,30,50,55,65,45,290,Psychic,,Frisk,,Shadow Tag,Purple
575,Gothorita,60,45,70,75,85,55,390,Psychic,,Frisk,,Shadow Tag,Purple
576,Gothitelle,70,55,95,95,110,65,490,Psychic,,Frisk,,Shadow Tag,Purple
577,Solosis,45,30,40,105,50,20,290,Psychic,,Overcoat,Magic Guard,Regenerator,Green
578,Duosion,65,40,50,125,60,30,370,Psychic,,Overcoat,Magic Guard,Regenerator,Green
579,Reuniclus,110,65,75,125,85,30,490,Psychic,,Overcoat,Magic Guard,Regenerator,Green
580,Ducklett,62,44,50,44,50,55,305,Water,Flying,Keen Eye,Big Pecks,Hydration,Blue
581,Swanna,75,87,63,87,63,98,473,Water,Flying,Keen Eye,Big Pecks,Hydration,White
582,Vanillite,36,50,50,65,60,44,305,Ice,,Ice Body,,Weak Armor,White
583,Vanillish,51,65,65,80,75,59,395,Ice,,Ice Body,,Weak Armor,White
584,Vanilluxe,71,95,85,110,95,79,535,Ice,,Ice Body,,Weak Armor,White
585,Deerling,60,60,50,40,50,75,335,Normal,Grass,Chlorophyll,Sap Sipper,Serene Grace,Yellow
586,Sawsbuck,80,100,70,60,70,95,475,Normal,Grass,Chlorophyll,Sap Sipper,Serene Grace,Brown
587,Emolga,55,75,60,75,60,103,428,Electric,Flying,Static,,Motor Drive,White
588,Karrablast,50,75,45,40,45,60,315,Bug,,Swarm,Shed Skin,No Guard,Blue
589,Escavalier,70,135,105,60,105,20,495,Bug,Steel,Swarm,Shell Armor,Overcoat,Gray
590,Foongus,69,55,45,55,55,15,294,Grass,Poison,Effect Spore,,Regenerator,White
591,Amoonguss,114,85,70,85,80,30,464,Grass,Poison,Effect Spore,,Regenerator,White
592,Frillish,55,40,50,65,85,40,335,Water,Ghost,Water Absorb,Cursed Body,,White
593,Jellicent,100,60,70,85,105,60,480,Water,Ghost,Water Absorb,Cursed Body,Damp,White
594,Alomomola,165,75,80,40,45,65,470,Water,,Healer,Hydration,Regenerator,Pink
595,Joltik,50,47,50,57,50,65,319,Bug,Electric,Compoundeyes,Unnerve,Swarm,Yellow
596,Galvantula,70,77,60,97,60,108,472,Bug,Electric,Compoundeyes,Unnerve,Swarm,Yellow
597,Ferroseed,44,50,91,24,86,10,305,Grass,Steel,Iron Barbs,,,Gray
598,Ferrothorn,74,94,131,54,116,20,489,Grass,Steel,Iron Barbs,,,Gray
599,Klink,40,55,70,45,60,30,300,Steel,,Plus,Minus,Clear Body,Gray
600,Klang,60,80,95,70,85,50,440,Steel,,Plus,Minus,Clear Body,Gray
601,Klinklang,60,100,115,70,85,90,520,Steel,,Plus,Minus,Clear Body,Gray
602,Tynamo,35,55,40,45,40,60,275,Electric,,Levitate,,,White
603,Eelektrik,65,85,70,75,70,40,405,Electric,,Levitate,,,Blue
604,Eelektross,85,115,80,105,80,50,515,Electric,,Levitate,,,Blue
605,Elgyem,55,55,55,85,55,30,335,Psychic,,Telepathy,Synchronize,Analytic,Blue
606,Beheeyem,75,75,75,125,95,40,485,Psychic,,Telepathy,Synchronize,Analytic,Brown
607,Litwick,50,30,55,65,55,20,275,Ghost,Fire,Flash Fire,Flame Body,Shadow Tag,White
608,Lampent,60,40,60,95,60,55,370,Ghost,Fire,Flash Fire,Flame Body,Shadow Tag,Black
609,Chandelure,60,55,90,145,90,80,520,Ghost,Fire,Flash Fire,Flame Body,Shadow Tag,Black
610,Axew,46,87,60,30,40,57,320,Dragon,,Rivalry,Mold Breaker,Unnerve,Green
611,Fraxure,66,117,70,40,50,67,410,Dragon,,Rivalry,Mold Breaker,Unnerve,Green
612,Haxorus,76,147,90,60,70,97,540,Dragon,,Rivalry,Mold Breaker,Unnerve,Yellow
613,Cubchoo,55,70,40,60,40,40,305,Ice,,Snow Cloak,,Rattled,White
614,Beartic,95,110,80,70,80,50,485,Ice,,Snow Cloak,,Swift Swim,White
615,Cryogonal,70,50,30,95,135,105,485,Ice,,Levitate,,,Blue
616,Shelmet,50,40,85,40,65,25,305,Bug,,Hydration,Shell Armor,Overcoat,Red
617,Accelgor,80,70,40,100,60,145,495,Bug,,Hydration,Sticky Hold,Unburden,Red
618,Stunfisk,109,66,84,81,99,32,471,Ground,Electric,Static,Limber,Sand Veil,Brown
619,Mienfoo,45,85,50,55,50,65,350,Fighting,,Inner Focus,Regenerator,Reckless,Yellow
620,Mienshao,65,125,60,95,60,105,510,Fighting,,Inner Focus,Regenerator,Reckless,Purple
621,Druddigon,77,120,90,60,90,48,485,Dragon,,Rough Skin,Sheer Force,Mold Breaker,Red
622,Golett,59,74,50,35,50,35,303,Ground,Ghost,Iron Fist,Klutz,No Guard,Green
623,Golurk,89,124,80,55,80,55,483,Ground,Ghost,Iron Fist,Klutz,No Guard,Green
624,Pawniard,45,85,70,40,40,60,340,Dark,Steel,Defiant,Inner Focus,Pressure,Red
625,Bisharp,65,125,100,60,70,70,490,Dark,Steel,Defiant,Inner Focus,Pressure,Red
626,Bouffalant,95,110,95,40,95,55,490,Normal,,Reckless,Sap Sipper,Soundproof,Brown
627,Rufflet,70,83,50,37,50,60,350,Normal,Flying,Keen Eye,Sheer Force,Hustle,White
628,Braviary,100,123,75,57,75,80,510,Normal,Flying,Keen Eye,Sheer Force,Defiant,Red
629,Vullaby,70,55,75,45,65,60,370,Dark,Flying,Big Pecks,Overcoat,Weak Armor,Brown
630,Mandibuzz,110,65,105,55,95,80,510,Dark,Flying,Big Pecks,Overcoat,Weak Armor,Brown
631,Heatmor,85,97,66,105,66,65,484,Fire,,Gluttony,Flash Fire,White Smoke,Red
632,Durant,58,109,112,48,48,109,484,Bug,Steel,Swarm,Hustle,Truant,Gray
633,Deino,52,65,50,45,50,38,300,Dark,Dragon,Hustle,,,Blue
634,Zweilous,72,85,70,65,70,58,420,Dark,Dragon,Hustle,,,Blue
635,Hydreigon,92,105,90,125,90,98,600,Dark,Dragon,Levitate,,,Blue
636,Larvesta,55,85,55,50,55,60,360,Bug,Fire,Flame Body,,Swarm,White
637,Volcarona,85,60,65,135,105,100,550,Bug,Fire,Flame Body,,Swarm,White
638,Cobalion,91,90,129,90,72,108,580,Steel,Fighting,Justified,,,Blue
639,Terrakion,91,129,90,72,90,108,580,Rock,Fighting,Justified,,,Gray
640,Virizion,91,90,72,90,129,108,580,Grass,Fighting,Justified,,,Green
641,Tornadus,79,115,70,125,80,111,580,Flying,,Prankster,,Defiant,Green
642,Thundurus,79,115,70,125,80,111,580,Electric,Flying,Prankster,,Defiant,Blue
643,Reshiram,100,120,100,150,120,90,680,Dragon,Fire,Turboblaze,,,White
644,Zekrom,100,150,120,120,100,90,680,Dragon,Electric,Teravolt,,,Black
645,Landorus,89,125,90,115,80,101,600,Ground,Flying,Sand Force,,Sheer Force,Brown
646,Kyurem,125,130,90,130,90,95,660,Dragon,Ice,Pressure,,,Gray
647,Keldeo,91,72,90,129,90,108,580,Water,Fighting,Justified,,,Yellow
648,Meloetta (A),100,77,77,128,128,90,600,Normal,Psychic,Serene Grace,,,White
648.1,Meloetta (P),100,128,90,77,77,128,600,Normal,Fighting,Serene Grace,,,White
649,Genesect,71,120,95,120,95,99,600,Bug,Steel,Download,,,Purple
650,Chespin,56,61,65,48,45,38,313,Grass,,Overgrow,,Bulletproof,Green
651,Quilladin,61,78,95,56,58,57,405,Grass,,Overgrow,,Bulletproof,Green
652,Chesnaught,88,107,122,74,75,64,530,Grass,Fighting,Overgrow,,Bulletproof,Green
653,Fennekin,40,45,40,62,60,60,307,Fire,,Blaze,,Magician,Red
654,Braixen,59,59,58,90,70,73,409,Fire,,Blaze,,Magician,Red
655,Delphox,75,69,72,114,100,104,534,Fire,Psychic,Blaze,,Magician,Red
656,Froakie,41,56,40,62,44,71,314,Water,,Torrent,,Protean,Blue
657,Frogadier,54,63,52,83,56,97,405,Water,,Torrent,,Protean,Blue
658,Greninja,72,95,67,103,71,122,530,Water,Dark,Torrent,,Protean,Blue
659,Bunnelby,38,36,38,32,36,57,237,Normal,,Pickup,Cheek Pouch,Huge Power,Brown
660,Diggersby,85,56,77,50,77,78,423,Normal,Ground,Pickup,Cheek Pouch,Huge Power,Brown
661,Fletchling,45,50,43,40,38,62,278,Normal,Flying,Big Pecks,,Gale Wings,Red
662,Fletchinder,62,73,55,56,52,84,382,Fire,Flying,Flame Body,,Gale Wings,Red
663,Talonflame,78,81,71,74,69,126,499,Fire,Flying,Flame Body,,Gale Wings,Red
664,Scatterbug,38,35,40,27,25,35,200,Bug,,Shield Dust,Compound Eyes,Friend Guard,Black
665,Spewpa,45,22,60,27,30,29,213,Bug,,Shed Skin,,Friend Guard,Black
666,Vivillon,80,52,50,90,50,89,411,Bug,Flying,Shield Dust,Compound Eyes,Friend Guard,Black
667,Litleo,62,50,58,73,54,72,369,Fire,Normal,Rivalry,Unnerve,Moxie,Brown
668,Pyroar,86,68,72,109,66,106,507,Fire,Normal,Rivalry,Unnerve,Moxie,Brown
669,Flabébé,44,38,39,61,79,42,303,Fairy,,Flower Veil,,Symbiosis,White
670,Floette,54,45,47,75,98,52,371,Fairy,,Flower Veil,,Symbiosis,White
671,Florges,78,65,68,112,154,75,552,Fairy,,Flower Veil,,Symbiosis,White
672,Skiddo,66,65,48,62,57,52,350,Grass,,Sap Sipper,,Grass Pelt,Brown
673,Gogoat,123,100,62,97,81,68,531,Grass,,Sap Sipper,,Grass Pelt,Brown
674,Pancham,67,82,62,46,48,43,348,Fighting,,Iron Fist,Mold Breaker,Scrappy,White
675,Pangoro,95,124,78,69,71,58,495,Fighting,Dark,Iron Fist,Mold Breaker,Scrappy,White
676,Furfrou,75,80,60,65,90,102,472,Normal,,Fur Coat,,,White
677,Espurr,62,48,54,63,60,68,355,Psychic,,Keen Eye,Infiltrator,Own Tempo,Gray
678,Meowstic,74,48,76,83,81,104,466,Psychic,,Keen Eye,Infiltrator,Prankster (M) or Competitive (F),White
679,Honedge,45,80,100,35,37,28,325,Steel,Ghost,No Guard,,,Brown
680,Doublade,59,110,150,45,49,35,448,Steel,Ghost,No Guard,,,Brown
681,Aegislash,60,50,150,50,150,60,520,Steel,Ghost,Stance Change,,,Brown
682,Spritzee,78,52,60,63,65,23,341,Fairy,,Healer,,Aroma Veil,Pink
683,Aromatisse,101,72,72,99,89,29,462,Fairy,,Healer,,Aroma Veil,Pink
684,Swirlix,62,48,66,59,57,49,341,Fairy,,Sweet Veil,,Unburden,White
685,Slurpuff,82,80,86,85,75,72,480,Fairy,,Sweet Veil,,Unburden,White
686,Inkay,53,54,53,37,46,45,288,Dark,Psychic,Suction Cups,Contrary,Infiltrator,Blue
687,Malamar,86,92,88,68,75,73,482,Dark,Psychic,Suction Cups,Contrary,Infiltrator,Blue
688,Binacle,42,52,67,39,56,50,306,Rock,Water,Sniper,Tough Claws,Pickpocket,Brown
689,Barbaracle,72,105,115,54,86,68,500,Rock,Water,Sniper,Tough Claws,Pickpocket,Brown
690,Skrelp,50,60,60,60,60,30,320,Poison,Water,Poison Point,Poison Touch,Adaptability,Brown
691,Dragalge,65,75,90,97,123,44,494,Poison,Dragon,Poison Point,Poison Touch,Adaptability,Brown
692,Clauncher,50,53,62,58,63,44,330,Water,,Mega Launcher,,,Blue
693,Clawitzer,71,73,88,120,89,59,500,Water,,Mega Launcher,,,Blue
694,Helioptile,44,38,33,61,43,70,289,Electric,Normal,Dry Skin,Sand Veil,Solar Power,Yellow
695,Heliolisk,62,55,52,109,94,109,481,Electric,Normal,Dry Skin,Sand Veil,Solar Power,Yellow
696,Tyrunt,58,89,77,45,45,48,362,Rock,Dragon,Strong Jaw,,Sturdy,Brown
697,Tyrantrum,82,121,119,69,59,71,521,Rock,Dragon,Strong Jaw,,Sturdy,Red
698,Amaura,77,59,50,67,63,46,362,Rock,Ice,Refrigerate,,Snow Warning,Blue
699,Aurorus,123,77,72,99,92,58,521,Rock,Ice,Refrigerate,,Snow Warning,Blue
700,Sylveon,95,65,65,110,130,60,525,Fairy,,Cute Charm,,Pixilate,Pink
701,Hawlucha,78,92,75,74,63,118,500,Fighting,Flying,Unburden,Limber,Mold Breaker,Green
702,Dedenne,67,58,57,81,67,101,431,Electric,Fairy,Cheek Pouch,Pickup,Plus,Yellow
703,Carbink,50,50,150,50,150,50,500,Rock,Fairy,Clear Body,,Sturdy,Gray
704,Goomy,45,50,35,55,75,40,300,Dragon,,Sap Sipper,Hydration,Gooey,Purple
705,Sliggoo,68,75,53,83,113,60,452,Dragon,,Sap Sipper,Hydration,Gooey,Purple
706,Goodra,90,100,70,110,150,80,600,Dragon,,Sap Sipper,Hydration,Gooey,Purple
707,Klefki,57,80,91,80,87,75,470,Steel,Fairy,Prankster,,Magician,Gray
708,Phantump,43,70,48,50,60,38,309,Ghost,Grass,Natural Cure,Frisk,Harvest,Brown
709,Trevenant,85,110,76,65,82,56,474,Ghost,Grass,Natural Cure,Frisk,Harvest,Brown
710,Pumpkaboo,44,66,70,44,55,56,335,Ghost,Grass,Pickup,Frisk,Insomnia,Brown
711,Gourgeist,55,85,122,58,75,99,494,Ghost,Grass,Pickup,Frisk,Insomnia,Brown
712,Bergmite,55,69,85,32,35,28,304,Ice,,Own Tempo,Ice Body,Sturdy,Blue
713,Avalugg,95,117,184,44,46,28,514,Ice,,Own Tempo,Ice Body,Sturdy,Blue
714,Noibat,40,30,35,45,40,55,245,Flying,Dragon,Frisk,Infiltrator,Telepathy,Purple
715,Noivern,85,70,80,97,80,123,535,Flying,Dragon,Frisk,Infiltrator,Telepathy,Purple
716,Xerneas,126,131,95,131,98,99,680,Fairy,,Fairy Aura,,,Blue
717,Yveltal,126,131,95,131,98,99,680,Dark,Flying,Dark Aura,,,Red
718,Zygarde,108,100,121,81,95,95,600,Dragon,Ground,Aura Break,,,Green
719,Diancie,50,100,150,100,150,50,600,Rock,Fairy,Clear Body,,Magic Bounce (Mega),Pink
720,Hoopa (C),80,110,60,150,130,70,600,Psychic,Ghost,Magician,,,Purple
720,Hoopa (U),80,160,60,170,130,80,680,Psychic,Dark,Magician,,,Purple
721,Volcanion,80,110,120,130,90,70,600,Fire,Water,Water Absorb,,,Brown
722,Rowlet,68,55,55,50,50,42,320,Grass,Flying,Overgrow ,Long Reach,,Brown
723,Dartrix,78,75,75,70,70,52,420,Grass,Flying,Overgrow ,Long Reach,,Brown
724,Decidueye,78,107,75,100,100,70,530,Grass,Ghost,Overgrow ,Long Reach,,Brown
725,Litten,45,65,40,60,40,70,320,Fire,,Blaze ,Intimidate,,Red
726,Torracat,65,85,50,80,50,90,420,Fire,,Blaze ,Intimidate,,Red
727,Incineroar,95,115,90,80,90,60,530,Fire,Dark,Blaze ,Intimidate,,Red
728,Popplio,50,54,54,66,56,40,320,Water,,Torrent ,Liquid Voice,,Blue
729,Brionne,60,69,69,91,81,50,420,Water,,Torrent ,Liquid Voice,,Blue
730,Primarina,80,74,74,126,116,60,530,Water,Fairy,Torrent ,Liquid Voice,,Blue
731,Pikipek,35,75,30,30,30,65,265,Normal,Flying,Keen Eye ,Skill Link ,Pickup,Black
732,Trumbeak,55,85,50,40,50,75,355,Normal,Flying,Keen Eye ,Skill Link ,Pickup,Black
733,Toucannon,80,120,75,75,75,60,485,Normal,Flying,Keen Eye ,Skill Link ,Sheer Force,Black
734,Yungoos,48,70,30,30,30,45,253,Normal,,Stakeout ,Strong Jaw ,Adaptability,Brown
735,Gumshoos,88,110,60,55,60,45,418,Normal,,Stakeout ,Strong Jaw ,Adaptability,Brown
736,Grubbin,47,62,45,55,45,46,300,Bug,,Swarm,,,Gray
737,Charjabug,57,82,95,55,75,36,400,Bug,Electric,Battery,,,Green
738,Vikavolt,77,70,90,145,75,43,500,Bug,Electric,Levitate,,,Blue
739,Crabrawler,47,82,57,42,47,63,338,Fighting,,Hyper Cutter ,Iron Fist ,Anger Point,Purple
740,Crabominable,97,132,77,62,67,43,478,Fighting,Ice,Hyper Cutter ,Iron Fist ,Anger Point,White
741,Oricorio,75,70,70,98,70,93,476,Fire,Flying,Dancer,,,Red
742,Cutiefly,40,45,40,55,40,84,304,Bug,Fairy,Honey Gather ,Shield Dust ,Sweet Veil,Yellow
743,Ribombee,60,55,60,95,70,124,464,Bug,Fairy,Honey Gather ,Shield Dust ,Sweet Veil,Yellow
744,Rockruff,45,65,40,30,40,60,280,Rock,,Keen Eye ,Vital Spirit ,Steadfast,Brown
745,Lycanroc (midday),75,115,65,55,65,112,487,Rock,,Keen Eye ,Sand Rush ,Steadfast,
745.1,Lycanroc (midnight),85,115,75,55,75,82,487,Rock,,Keen Eye,Vital Spirit ,No Guard,Brown
746,Wishiwashi (solo),45,20,20,25,25,40,175,Water,,Schooling,,,Blue
746.1,Wishiwashi (school),45,140,130,140,135,30,620,Water,,Schooling,,,Blue
747,Mareanie,50,53,62,43,52,45,305,Poison,Water,Merciless ,Limber ,Regenerator,Blue
748,Toxapex,50,63,152,53,142,35,495,Poison,Water,Merciless ,Limber ,Regenerator,Blue
749,Mudbray,70,100,70,45,55,45,385,Ground,,Own Tempo,Stamina ,Inner Focus,Brown
750,Mudsdale,100,125,100,55,85,35,500,Ground,,Own Tempo,Stamina ,Inner Focus,Brown
751,Dewpider,38,40,52,40,72,27,269,Water,Bug,Water Bubble ,Water Absorb,Water Absorb,Green
752,Araquanid,68,70,92,50,132,42,454,Water,Bug,Water Bubble ,Water Absorb,Water Absorb,Green
753,Fomantis,40,55,35,50,35,35,250,Grass,,Leaf Guard ,Contrary,Contrary,Pink
754,Lurantis,70,105,90,80,90,45,480,Grass,,Leaf Guard ,Contrary,Contrary,Pink
755,Morelull,40,35,55,65,75,15,285,Grass,Fairy,Illuminate ,Effect Spore,Rain Dish,Purple
756,Shiinotic,60,45,80,90,100,30,405,Grass,Fairy,Illuminate ,Effect Spore,Rain Dish,Purple
757,Salandit,48,44,40,71,40,77,320,Poison,Fire,Corrosion ,Oblivious,Oblivious,Black
758,Salazzle,68,64,60,111,60,117,480,Poison,Fire,Corrosion ,Oblivious,Oblivious,Black
759,Stufful,70,75,50,45,50,50,340,Normal,Fighting,Fluffy ,Klutz ,Cute Charm,Pink
760,Bewear,120,125,80,55,60,60,500,Normal,Fighting,Fluffy ,Klutz ,Unnerve,Pink
761,Bounsweet,42,30,38,30,38,32,210,Grass,,Leaf Guard ,Oblivious ,Sweet Veil,Purple
762,Steenee,52,40,48,40,48,62,290,Grass,,Leaf Guard ,Oblivious ,Sweet Veil,Purple
763,Tsareena,72,120,98,50,98,72,510,Grass,,Leaf Guard ,Queenly Majesty ,Sweet Veil,Purple
764,Comfey,51,52,90,82,110,100,485,Fairy,,Flower Veil ,Triage ,Natural Cure,Green
765,Oranguru,90,60,80,90,110,60,490,Normal,Psychic,Inner Focus ,Telepathy ,,White
766,Passimian,100,120,90,40,60,80,490,Fighting,,Receiver ,Defiant,,White
767,Wimpod,25,35,40,20,30,80,230,Bug,Water,Wimp Out,,,Gray
768,Golisopod,75,125,140,60,90,40,530,Bug,Water,Emergency Exit,,,Gray
769,Sandygast,55,55,80,70,45,15,320,Ghost,Ground,Water Compaction ,Sand Veil,Sand Veil,Brown
770,Palossand,85,75,110,100,75,35,480,Ghost,Ground,Water Compaction ,Sand Veil,Sand Veil,Brown
771,Pyukumuku,55,60,130,30,130,5,410,Water,,Innards Out,Unaware,Unaware,Black
772,Type: Null,95,95,95,95,95,59,534,Normal,,Battle Armor,,,Gray
773,Silvally,95,95,95,95,95,95,570,Normal,,RKS System,,,Gray
774,Minior (meteor),60,60,100,60,100,60,440,Rock,Flying,Shields Down,,,Brown
774.1,Minior (core),60,100,60,100,60,120,500,Rock,Flying,Shields Down,,,Pink
775,Komala,65,115,65,75,95,65,480,Normal,,Comatose,,,Blue
776,Turtonator,60,78,135,91,85,36,485,Fire,Dragon,Shell Armor,,,Red
777,Togedemaru,65,98,63,40,73,96,435,Electric,Steel,Iron Barbs ,Lightningrod,Sturdy,Gray
778,Mimikyu,55,90,80,50,105,96,476,Ghost,Fairy,Disguise,,,Yellow
779,Bruxish,68,105,70,70,70,92,475,Water,Psychic,Dazzling ,Strong Jaw ,Wonder Skin,Pink
780,Drampa,78,60,85,135,91,36,485,Normal,Dragon,Berserk ,Sap Sipper ,Cloud Nine,White
781,Dhelmise,70,131,100,86,90,40,517,Ghost,Grass,Steelworker,,,Green
782,Jangmo-o,45,55,65,45,45,45,300,Dragon,,Bulletproof ,Soundproof ,Overcoat,Gray
783,Hakamo-o,55,75,90,65,70,65,420,Dragon,Fighting,Bulletproof ,Soundproof ,Overcoat,Gray
784,Kommo-o,75,110,125,100,105,85,600,Dragon,Fighting,Bulletproof ,Soundproof ,Overcoat,Gray
785,Tapu Koko,70,115,85,95,75,130,570,Electric,Fairy,Electric Surge ,Telepathy,,Yellow
786,Tapu Lele,70,85,75,130,115,95,570,Psychic,Fairy,Psychic Surge ,Telepathy,,Pink
787,Tapu Bulu,70,130,115,85,95,75,570,Grass,Fairy,Grassy Surge ,Telepathy,,Red
788,Tapu Fini,70,75,115,95,130,85,570,Water,Fairy,Misty Surge ,Telepathy,,Purple
789,Cosmog,43,29,31,29,31,37,200,Psychic,,Unaware,,,Blue
790,Cosmoem,43,29,131,29,131,37,400,Psychic,,Sturdy,,,Blue
791,Solgaleo,137,137,107,113,89,97,680,Psychic,Steel,Full Metal Body,,,White
792,Lunala,137,113,89,137,107,97,680,Psychic,Ghost,Shadow Shield,,,Purple
793,Nihilego,109,53,47,127,131,103,570,Rock,Poison,Beast Boost,,,White
794,Buzzwole,107,139,139,53,53,79,570,Bug,Fighting,Beast Boost,,,Red
795,Pheromosa,71,137,37,137,37,151,570,Bug,Fighting,Beast Boost,,,White
796,Xurkitree,83,89,71,173,71,83,570,Electric,,Beast Boost,,,Black
797,Celesteela,97,101,103,107,101,61,570,Steel,Flying,Beast Boost,,,Green
798,Kartana,59,181,131,59,31,109,570,Grass,Steel,Beast Boost,,,White
799,Guzzlord,223,101,53,97,53,43,570,Dark,Dragon,Beast Boost,,,Black
800,Necrozma,97,107,101,127,89,79,600,Psychic,,Prism Armor,,,Black
801,Magearna,80,95,115,130,115,65,600,Steel,Fairy,Soul-Heart,,,Gray
802,Marshadow,90,125,80,90,90,125,600,Fighting,Ghost,Technician,,,Gray
